{
    "version": "0.2",
    "__comment": "The base model prepared for SIGGRAPH Asia 2023 submission.",
    "calibration_date": "18/05/2023",
    "internal_model_name": "cvvdp_0_2",
    "mask_p": 2.316437244415283,
    "mask_c": -0.857231080532074,
    "pu_dilate": 3,
    "beta": 2,
    "beta_t": 2,
    "beta_tch": 4,
    "beta_sch": 4,
    "csf_sigma": -1.5,
    "sensitivity_correction": 0.2412523329257965,
    "masking_model": "min_mutual_masking_perc_norm2",
    "local_adapt": "gpyr",
    "contrast": "weber_g1",
    "csf": "weber_fixed_size",
    "jod_a": 0.19078199565410614,
    "jod_exp": 0.7089359760284424,
    "mask_q": [
        1.560034990310669,
        1.3770616054534912,
        2.0227138996124268,
        6.692387580871582
    ],
    "filter_len": -1,
    "ch_chrom_w": 0.7799720168113708,
    "ch_trans_w": 0.35074999928474426,
    "sigma_tf": [
        5.79336,
        14.1255,
        6.63661,
        0.12314
    ],
    "beta_tf": [
        1.3314,
        1.1196,
        0.947901,
        0.1898
    ],
    "xchannel_masking": "on",
    "xcm_weights": [
        0.4860193431377411,
        -3.523557424545288,
        -3.152886152267456,
        -4.85778284072876,
        -0.02255072072148323,
        0.3292338252067566,
        -1.3987313508987427,
        -2.359935760498047,
        1.0886873006820679,
        -0.5411609411239624,
        0.5229474902153015,
        -1.8089383840560913,
        -3.7178447246551514,
        -3.52573561668396,
        -2.7602944374084473,
        -2.749504566192627
    ],
    "baseband_weight": 3.501110076904297,
    "dclamp_type": "soft",
    "dclamp_par": 2.381617784500122,
    "image_int": 0.6711369752883911,
    "Bloch_int": "on",
    "bfilt_duration": 0.4
}