{
    "version": "0.1",
    "__comment": "Calibration parameters of ColourVideoVDP.",
    "calibration_date": "17/02/2023",
    "internal_model_name": "cvvdp_0_0",
    "mask_p": 2.584237813949585,
    "mask_c": -0.8353647589683533,
    "pu_dilate": 3,
    "beta": 2,
    "beta_t": 2,
    "beta_tch": 4,
    "beta_sch": 4,
    "csf_sigma": -1.5,
    "sensitivity_correction": 1.0163136720657349,
    "masking_model": "min_mutual_masking_perc_norm2",
    "local_adapt": "gpyr",
    "contrast": "weber_g1",
    "csf": "weber_fixed_size",
    "jod_a": 0.19078199565410614,
    "jod_exp": 0.7089359760284424,
    "mask_q": [
        1.5381988286972046,
        1.3770616054534912,
        2.0227138996124268,
        7.0019211769104
    ],
    "filter_len": -1,
    "ch_chrom_w": 0.7799720168113708,
    "ch_trans_w": 0.35074999928474426,
    "sigma_tf": [
        5.79336,
        14.1255,
        6.63661,
        0.12314
    ],
    "beta_tf": [
        1.3314,
        1.1196,
        0.947901,
        0.1898
    ],
    "xchannel_masking": "on",
    "xcm_weights": [
        0.5231287479400635,
        -3.523557424545288,
        -3.152886152267456,
        -4.848236083984375,
        -0.7123841047286987,
        0.3292338252067566,
        -1.3987313508987427,
        -2.2050955295562744,
        1.0976877212524414,
        -0.5411609411239624,
        0.5229474902153015,
        -1.525582194328308,
        -3.9481542110443115,
        -3.52573561668396,
        -2.7602944374084473,
        -2.725480794906616
    ],
    "baseband_weight": 3.501110076904297,
    "d_max": 2.5642454624176025,
    "dclamp_type": "soft",
    "dclamp_par": 2.7516393661499023,
    "image_int": 0.6711369752883911,
    "Bloch_int": "on",
    "bfilt_duration": 0.4,
    "block_channels": [
        1,
        0,
        0,
        1
    ]
}