{
    "version": "0.2",
    "__comment": "The base model prepared for SIGGRAPH Asia 2023 submission.",
    "calibration_date": "18/05/2023",
    "internal_model_name": "cvvdp_0_2",
    "mask_p": 2.3124048709869385,
    "mask_c": -0.7501320242881775,
    "pu_dilate": 3,
    "beta": 2,
    "beta_t": 2,
    "beta_tch": 4,
    "beta_sch": 4,
    "csf_sigma": -1.5,
    "sensitivity_correction": 0.3765837550163269,
    "masking_model": "min_mutual_masking_perc_norm2",
    "local_adapt": "gpyr",
    "contrast": "weber_g1",
    "csf": "none",
    "jod_a": 0.19078199565410614,
    "jod_exp": 0.7089359760284424,
    "mask_q": [
        1.6628514528274536,
        0.9963383674621582,
        1.4717670679092407,
        6.999908924102783
    ],
    "filter_len": -1,
    "ch_chrom_w": 0.7799720168113708,
    "ch_trans_w": 0.35074999928474426,
    "sigma_tf": [
        5.79336,
        14.1255,
        6.63661,
        0.12314
    ],
    "beta_tf": [
        1.3314,
        1.1196,
        0.947901,
        0.1898
    ],
    "xchannel_masking": "on",
    "xcm_weights": [
        0.8346589803695679,
        -4.701082229614258,
        -3.949063777923584,
        -5.197007179260254,
        -0.1100199967622757,
        -0.9445589780807495,
        -2.023268938064575,
        -2.552272081375122,
        1.4910714626312256,
        -1.6008291244506836,
        -0.05053887888789177,
        -1.7768704891204834,
        -3.6013705730438232,
        -4.485250473022461,
        -3.4029505252838135,
        -3.0545175075531006
    ],
    "baseband_weight": 3.501110076904297,
    "d_max": 2.5642454624176025,
    "dclamp_type": "soft",
    "dclamp_par": 2.435148239135742,
    "image_int": 0.6711369752883911,
    "Bloch_int": "on",
    "bfilt_duration": 0.4
}