{
    "version": "0.4.2",
    "__comment": "The base model.",
    "calibration_date": "10/01/2024",
    "internal_model_name": "cvvdp_mult_mutual",
    "mask_p": 2.264355182647705,
    "mask_c": -0.7954971194267273,
    "pu_dilate": 3,
    "beta": 2,
    "beta_t": 2,
    "beta_tch": 4,
    "beta_sch": 4,
    "csf_sigma": -1.5,
    "sensitivity_correction": -0.2797423303127289,
    "masking_model": "mult-mutual",
    "local_adapt": "gpyr",
    "contrast": "weber_g1",
    "csf": "weber_fixed_size",
    "jod_a": 0.0439569391310215,
    "jod_exp": 0.9302042722702026,
    "mask_q": [
        1.302622675895691,
        2.8885908126831055,
        3.6807713508605957,
        3.588787317276001
    ],
    "filter_len": -1,
    "ch_chrom_w": 1.0,
    "ch_trans_w": 0.8081134557723999,
    "sigma_tf": [
        5.79336,
        14.1255,
        6.63661,
        0.12314
    ],
    "beta_tf": [
        1.3314,
        1.1196,
        0.947901,
        0.1898
    ],
    "xchannel_masking": "on",
    "xcm_weights": [
        -0.18950104713439941,
        -5.962151050567627,
        -4.31834602355957,
        -1.9321587085723877,
        2.5655593872070312,
        0.34406712651252747,
        -2.719646453857422,
        -0.4970424771308899,
        3.8118371963500977,
        -1.0051705837249756,
        -0.5193376541137695,
        -0.5653647780418396,
        -7.054771423339844,
        -5.527150630950928,
        -3.5106418132781982,
        -2.08804988861084
    ],
    "baseband_weight": [
        0.0036334486212581396,
        1.6627724170684814,
        4.11874532699585,
        25.25969886779785
    ],
    "dclamp_type": "soft",
    "d_max": 2.5642454624176025,
    "image_int": 0.577918291091919,
    "Bloch_int": "off",
    "bfilt_duration": 0.4
}