{
    "version": "0.4.3",
    "__comment": "The base model.",
    "calibration_date": "10/01/2024",
    "internal_model_name": "cvvdp_mult_mutual",
    "mask_p": 2.138033628463745,
    "mask_c": -0.7954971194267273,
    "pu_dilate": 3,
    "beta": 2,
    "beta_t": 2,
    "beta_tch": 4,
    "beta_sch": 4,
    "csf_sigma": -1.5,
    "sensitivity_correction": -0.6553405523300171,
    "masking_model": "mult-mutual",
    "local_adapt": "gpyr",
    "contrast": "weber_g1",
    "csf": "weber_fixed_size",
    "jod_a": 0.08269096165895462,
    "jod_exp": 0.7891128063201904,
    "mask_q": [
        1.379393458366394,
        3.451582670211792,
        3.3497347831726074,
        0.9979478120803833
    ],
    "filter_len": -1,
    "ch_chrom_w": 0.7906755208969116,
    "ch_trans_w": 1.239724040031433,
    "sigma_tf": [
        5.79336,
        14.1255,
        6.63661,
        0.12314
    ],
    "beta_tf": [
        1.3314,
        1.1196,
        0.947901,
        0.1898
    ],
    "xchannel_masking": "on",
    "xcm_weights": [
        -0.21306121349334717,
        -4.766478538513184,
        -2.662062406539917,
        -7.07781982421875,
        2.6556007862091064,
        1.0337002277374268,
        -1.4067754745483398,
        -2.3323185443878174,
        4.97447395324707,
        0.37256333231925964,
        1.6354124546051025,
        -2.52897310256958,
        -8.045014381408691,
        -5.838404655456543,
        -1.585200309753418,
        -6.091691017150879
    ],
    "baseband_weight": [
        0.003246663138270378,
        2.519502639770508,
        2.9993932247161865,
        25.564125061035156
    ],
    "dclamp_type": "soft",
    "d_max": 2.744645833969116,
    "image_int": 0.5665621757507324,
    "Bloch_int": "off",
    "bfilt_duration": 0.4
}