{
    "version": "0.4.3",
    "__comment": "The base model.",
    "calibration_date": "10/01/2024",
    "internal_model_name": "cvvdp_add_mutual",
    "mask_p": 2.6766104698181152,
    "mask_c": -0.7954971194267273,
    "pu_dilate": 3,
    "beta": 2,
    "beta_t": 2,
    "beta_tch": 4,
    "beta_sch": 4,
    "csf_sigma": -1.5,
    "sensitivity_correction": -3.1497929096221924,
    "masking_model": "add-mutual",
    "ce_g": 31.32242202758789,
    "local_adapt": "gpyr",
    "contrast": "weber_g1",
    "csf": "weber_fixed_size",
    "jod_a": 0.2012491375207901,
    "jod_exp": 0.6364855170249939,
    "mask_q": [
        2.3402962684631348,
        4.663765907287598,
        4.177666664123535,
        1.2784897089004517
    ],
    "filter_len": -1,
    "ch_chrom_w": 0.651490330696106,
    "ch_trans_w": 0.6108877062797546,
    "sigma_tf": [
        5.79336,
        14.1255,
        6.63661,
        0.12314
    ],
    "beta_tf": [
        1.3314,
        1.1196,
        0.947901,
        0.1898
    ],
    "xchannel_masking": "on",
    "xcm_weights": [
        -0.7192338109016418,
        -6.872931003570557,
        -3.3254282474517822,
        -4.6821489334106445,
        3.20343017578125,
        1.180152416229248,
        -1.0636407136917114,
        -1.8433010578155518,
        4.470461845397949,
        0.6213368773460388,
        1.047095537185669,
        -2.517754554748535,
        -9.231523513793945,
        -6.244210720062256,
        -3.4568469524383545,
        -4.764309406280518
    ],
    "baseband_weight": [
        0.002976464107632637,
        2.6042590141296387,
        4.912477493286133,
        30.072437286376953
    ],
    "dclamp_type": "soft",
    "d_max": 2.3631656169891357,
    "image_int": 0.6339944005012512,
    "Bloch_int": "off",
    "bfilt_duration": 0.4
}